kode_desa;nama_desa;judul;tanggal;keterangan;foto
453;Sungsang IV;Monitoring Kawasan Pesisir;15/01/2026;Pemantauan ekosistem pesisir dan aktivitas nelayan setempat;https://drive.google.com/uc?export=view&id=CONTOH_ID_1
532;Bandar Agung;Penanaman Mangrove;22/01/2026;Kegiatan rehabilitasi mangrove bersama kelompok masyarakat pesisir;https://drive.google.com/uc?export=view&id=CONTOH_ID_2
888;Margasari;Sosialisasi Perikanan Berkelanjutan;03/02/2026;Penyuluhan praktik penangkapan ikan ramah lingkungan kepada nelayan;https://drive.google.com/uc?export=view&id=CONTOH_ID_3
981;Sukorahayu;Pendataan Kelompok Nelayan;10/02/2026;Pendataan dan verifikasi kelompok usaha bersama nelayan;https://drive.google.com/uc?export=view&id=CONTOH_ID_4
1066;Bajo;Monitoring Kawasan Konservasi;18/02/2026;Pengawasan kawasan konservasi perairan dan terumbu karang;https://drive.google.com/uc?export=view&id=CONTOH_ID_5
1071;Bibinoi;Bantuan Alat Tangkap Ramah Lingkungan;25/02/2026;Penyerahan bantuan alat tangkap kepada kelompok nelayan setempat;https://drive.google.com/uc?export=view&id=CONTOH_ID_6
1100;Indari;Edukasi Pengelolaan Sampah Laut;02/03/2026;Kegiatan edukasi dan aksi bersih pantai bersama warga;https://drive.google.com/uc?export=view&id=CONTOH_ID_7
1156;Panamboang;Pendataan Budidaya Perikanan;10/03/2026;Pendataan kelompok pembudidaya ikan dan rumput laut;https://drive.google.com/uc?export=view&id=CONTOH_ID_8
1175;Sidopo;Monitoring Terumbu Karang;15/03/2026;Pemantauan kondisi terumbu karang di perairan sekitar desa;https://drive.google.com/uc?export=view&id=CONTOH_ID_9
1258;Limbo;Sosialisasi Zonasi Kawasan;22/03/2026;Sosialisasi batas zonasi kawasan konservasi kepada masyarakat;https://drive.google.com/uc?export=view&id=CONTOH_ID_10
1368;Bobale;Pendampingan Kelompok Usaha;29/03/2026;Pendampingan kelompok usaha pengolahan hasil perikanan;https://drive.google.com/uc?export=view&id=CONTOH_ID_11
1413;Kusu Lofra;Monitoring Kawasan Pesisir;05/04/2026;Pemantauan rutin kondisi pesisir dan aktivitas tangkap;https://drive.google.com/uc?export=view&id=CONTOH_ID_12
1519;Dama;Penanaman Mangrove;12/04/2026;Kegiatan penanaman mangrove tahap kedua bersama pemuda desa;https://drive.google.com/uc?export=view&id=CONTOH_ID_13
1584;Sakam;Pendataan Nelayan;19/04/2026;Pendataan jumlah dan alat tangkap nelayan setempat;https://drive.google.com/uc?export=view&id=CONTOH_ID_14
1700;Sulamu;Bantuan Alat Tangkap;26/04/2026;Penyerahan bantuan alat tangkap ramah lingkungan;https://drive.google.com/uc?export=view&id=CONTOH_ID_15
1880;Warloka;Monitoring Kawasan Konservasi;03/05/2026;Pengawasan kawasan konservasi perairan Taman Nasional Komodo;https://drive.google.com/uc?export=view&id=CONTOH_ID_16
2061;Mudakeputu;Konservasi Terumbu Karang;10/05/2026;Pemantauan dan transplantasi terumbu karang;https://drive.google.com/uc?export=view&id=CONTOH_ID_17
2279;Adang;Pendataan Nelayan;17/05/2026;Pendataan kelompok nelayan dan hasil tangkapan;https://drive.google.com/uc?export=view&id=CONTOH_ID_18
2441;Padang Sarai;Edukasi Sampah Laut;24/05/2026;Edukasi pengelolaan sampah laut kepada masyarakat pesisir;https://drive.google.com/uc?export=view&id=CONTOH_ID_19
2445;Katapiang;Pendataan Budidaya;31/05/2026;Pendataan kelompok budidaya perikanan dan rumput laut;https://drive.google.com/uc?export=view&id=CONTOH_ID_20
